{
"lengthUnit": "mil",
"components": {
	"fields": ["COMPONENT_NO", "COMPONENT_NAME", "LAYER", "X_COORDINATE", "Y_COORDINATE", "ANGLE"],
	"rows": [
		[1, "C5", "T", 3005, -2015, 90],
		[2, "C6", "T", 2715, -560, 180],
		[3, "C8", "T", 3723.79, -748.79, 90],
		[4, "C11", "T", 3010, -2325, 90],
		[5, "H1", "T", 2515, -1445, 270],
		[6, "H2", "T", 1435, -1450, 270],
		[7, "H3", "T", 665, -1745, 90],
		[8, "H4", "T", 975, -1645, 90],
		[9, "H5", "T", 395, -1845, 270],
		[10, "J4", "T", 3385, -925, 0],
		[11, "J9", "T", 830, -2425, 0],
		[12, "J10", "T", 830, -2230, 0],
		[13, "KEY0", "T", 3305, -2375, 0],
		[14, "KEY1", "T", 3310, -2060, 0],
		[15, "LED0", "T", 2695.58, -1233.34, 90],
		[16, "LED1", "T", 2840.58, -1236.72, 90],
		[17, "P1", "T", 3090, -235, 0],
		[18, "PWR", "T", 2910.42, -704.15, 0],
		[19, "R7", "T", 2815, -2015, 270],
		[20, "R8", "T", 2695.58, -1053.61, 270],
		[21, "R13", "T", 2840.58, -1057, 270],
		[22, "R14", "T", 2815, -2325, 270],
		[23, "R15", "T", 3583.79, -748.79, 270],
		[24, "R24", "T", 2715.42, -705.05, 0],
		[25, "SW2", "T", 3255, -555, 180],
		[26, "U1", "T", 3455, -250, 270],
		[27, "U3", "T", 1680, -495, 0],
		[28, "U4", "T", 3770, -1550, 180],
		[29, "U7", "T", 1190, -815, 270]
	]
},
"pins": {
	"fields": ["PIN_NO", "PIN_NAME", "PIN_X", "PIN_Y", "LAYER", "PIN_TYPE", "NET_NAME", "NET_TYPE", "PAD_SHAPE", "PAD_SIZEX", "PAD_SIZEY", "HOLE_SIZE", "PAD_ANGLE"],
	"rows": [
		[1, "C5_1", 3005, -2054.37, "T", "SMD", "GND", "GND", "R", 39.37, 61.02, 0, 90],
		[2, "C5_2", 3005, -1975.63, "T", "SMD", "PB15/KEY1", "", "R", 39.37, 61.02, 0, 90],
		[3, "C6_1", 2754.37, -560, "T", "SMD", "GND", "GND", "R", 55.51, 53.15, 0, 180],
		[4, "C6_2", 2675.63, -560, "T", "SMD", "5V", "", "R", 55.51, 53.15, 0, 180],
		[5, "C8_1", 3723.79, -788.16, "T", "SMD", "GND", "GND", "R", 55.51, 53.15, 0, 90],
		[6, "C8_2", 3723.79, -709.42, "T", "SMD", "12V", "", "R", 55.51, 53.15, 0, 90],
		[7, "C11_1", 3010, -2364.37, "T", "SMD", "GND", "GND", "R", 39.37, 61.02, 0, 90],
		[8, "C11_2", 3010, -2285.63, "T", "SMD", "PB14/KEY0", "", "R", 39.37, 61.02, 0, 90],
		[9, "H1_1", 2515, -495, "T", "DIP", "3V3", "", "R", 62, 62, 35, 270],
		[10, "H1_1", 2515, -495, "B", "DIP", "3V3", "", "R", 62, 62, 35, 270],
		[11, "H1_2", 2515, -595, "T", "DIP", "GND", "GND", "C", 62, 62, 35, 270],
		[12, "H1_2", 2515, -595, "B", "DIP", "GND", "GND", "C", 62, 62, 35, 270],
		[13, "H1_3", 2515, -695, "T", "DIP", "5V", "", "C", 62, 62, 35, 270],
		[14, "H1_3", 2515, -695, "B", "DIP", "5V", "", "C", 62, 62, 35, 270],
		[15, "H1_4", 2515, -795, "T", "DIP", "PB9/LED1", "", "C", 62, 62, 35, 270],
		[16, "H1_4", 2515, -795, "B", "DIP", "PB9/LED1", "", "C", 62, 62, 35, 270],
		[17, "H1_5", 2515, -895, "T", "DIP", "PB8/LED0", "", "C", 62, 62, 35, 270],
		[18, "H1_5", 2515, -895, "B", "DIP", "PB8/LED0", "", "C", 62, 62, 35, 270],
		[19, "H1_6", 2515, -995, "T", "DIP", "$1N18", "", "C", 62, 62, 35, 270],
		[20, "H1_6", 2515, -995, "B", "DIP", "$1N18", "", "C", 62, 62, 35, 270],
		[21, "H1_7", 2515, -1095, "T", "DIP", "$1N19", "", "C", 62, 62, 35, 270],
		[22, "H1_7", 2515, -1095, "B", "DIP", "$1N19", "", "C", 62, 62, 35, 270],
		[23, "H1_8", 2515, -1195, "T", "DIP", "$1N20", "", "C", 62, 62, 35, 270],
		[24, "H1_8", 2515, -1195, "B", "DIP", "$1N20", "", "C", 62, 62, 35, 270],
		[25, "H1_9", 2515, -1295, "T", "DIP", "$1N21", "", "C", 62, 62, 35, 270],
		[26, "H1_9", 2515, -1295, "B", "DIP", "$1N21", "", "C", 62, 62, 35, 270],
		[27, "H1_10", 2515, -1395, "T", "DIP", "$1N22", "", "C", 62, 62, 35, 270],
		[28, "H1_10", 2515, -1395, "B", "DIP", "$1N22", "", "C", 62, 62, 35, 270],
		[29, "H1_11", 2515, -1495, "T", "DIP", "$1N23", "", "C", 62, 62, 35, 270],
		[30, "H1_11", 2515, -1495, "B", "DIP", "$1N23", "", "C", 62, 62, 35, 270],
		[31, "H1_12", 2515, -1595, "T", "DIP", "$1N24", "", "C", 62, 62, 35, 270],
		[32, "H1_12", 2515, -1595, "B", "DIP", "$1N24", "", "C", 62, 62, 35, 270],
		[33, "H1_13", 2515, -1695, "T", "DIP", "$1N25", "", "C", 62, 62, 35, 270],
		[34, "H1_13", 2515, -1695, "B", "DIP", "$1N25", "", "C", 62, 62, 35, 270],
		[35, "H1_14", 2515, -1795, "T", "DIP", "$1N26", "", "C", 62, 62, 35, 270],
		[36, "H1_14", 2515, -1795, "B", "DIP", "$1N26", "", "C", 62, 62, 35, 270],
		[37, "H1_15", 2515, -1895, "T", "DIP", "$1N27", "", "C", 62, 62, 35, 270],
		[38, "H1_15", 2515, -1895, "B", "DIP", "$1N27", "", "C", 62, 62, 35, 270],
		[39, "H1_16", 2515, -1995, "T", "DIP", "$1N28", "", "C", 62, 62, 35, 270],
		[40, "H1_16", 2515, -1995, "B", "DIP", "$1N28", "", "C", 62, 62, 35, 270],
		[41, "H1_17", 2515, -2095, "T", "DIP", "PB15/KEY1", "", "C", 62, 62, 35, 270],
		[42, "H1_17", 2515, -2095, "B", "DIP", "PB15/KEY1", "", "C", 62, 62, 35, 270],
		[43, "H1_18", 2515, -2195, "T", "DIP", "PB14/KEY0", "", "C", 62, 62, 35, 270],
		[44, "H1_18", 2515, -2195, "B", "DIP", "PB14/KEY0", "", "C", 62, 62, 35, 270],
		[45, "H1_19", 2515, -2295, "T", "DIP", "CS", "", "C", 62, 62, 35, 270],
		[46, "H1_19", 2515, -2295, "B", "DIP", "CS", "", "C", 62, 62, 35, 270],
		[47, "H1_20", 2515, -2395, "T", "DIP", "DC", "", "C", 62, 62, 35, 270],
		[48, "H1_20", 2515, -2395, "B", "DIP", "DC", "", "C", 62, 62, 35, 270],
		[49, "H2_1", 1435, -500, "T", "DIP", "3V3", "", "R", 62, 62, 35, 270],
		[50, "H2_1", 1435, -500, "B", "DIP", "3V3", "", "R", 62, 62, 35, 270],
		[51, "H2_2", 1435, -600, "T", "DIP", "$1N34", "", "C", 62, 62, 35, 270],
		[52, "H2_2", 1435, -600, "B", "DIP", "$1N34", "", "C", 62, 62, 35, 270],
		[53, "H2_3", 1435, -700, "T", "DIP", "$1N35", "", "C", 62, 62, 35, 270],
		[54, "H2_3", 1435, -700, "B", "DIP", "$1N35", "", "C", 62, 62, 35, 270],
		[55, "H2_4", 1435, -800, "T", "DIP", "$1N36", "", "C", 62, 62, 35, 270],
		[56, "H2_4", 1435, -800, "B", "DIP", "$1N36", "", "C", 62, 62, 35, 270],
		[57, "H2_5", 1435, -900, "T", "DIP", "PO", "", "C", 62, 62, 35, 270],
		[58, "H2_5", 1435, -900, "B", "DIP", "PO", "", "C", 62, 62, 35, 270],
		[59, "H2_6", 1435, -1000, "T", "DIP", "A", "", "C", 62, 62, 35, 270],
		[60, "H2_6", 1435, -1000, "B", "DIP", "A", "", "C", 62, 62, 35, 270],
		[61, "H2_7", 1435, -1100, "T", "DIP", "$1N39", "", "C", 62, 62, 35, 270],
		[62, "H2_7", 1435, -1100, "B", "DIP", "$1N39", "", "C", 62, 62, 35, 270],
		[63, "H2_8", 1435, -1200, "T", "DIP", "$1N40", "", "C", 62, 62, 35, 270],
		[64, "H2_8", 1435, -1200, "B", "DIP", "$1N40", "", "C", 62, 62, 35, 270],
		[65, "H2_9", 1435, -1300, "T", "DIP", "RES", "", "C", 62, 62, 35, 270],
		[66, "H2_9", 1435, -1300, "B", "DIP", "RES", "", "C", 62, 62, 35, 270],
		[67, "H2_10", 1435, -1400, "T", "DIP", "PA5/D0_SCL", "", "C", 62, 62, 35, 270],
		[68, "H2_10", 1435, -1400, "B", "DIP", "PA5/D0_SCL", "", "C", 62, 62, 35, 270],
		[69, "H2_11", 1435, -1500, "T", "DIP", "PA6", "", "C", 62, 62, 35, 270],
		[70, "H2_11", 1435, -1500, "B", "DIP", "PA6", "", "C", 62, 62, 35, 270],
		[71, "H2_12", 1435, -1600, "T", "DIP", "PA7/D1_SDA", "", "C", 62, 62, 35, 270],
		[72, "H2_12", 1435, -1600, "B", "DIP", "PA7/D1_SDA", "", "C", 62, 62, 35, 270],
		[73, "H2_13", 1435, -1700, "T", "DIP", "RST", "", "C", 62, 62, 35, 270],
		[74, "H2_13", 1435, -1700, "B", "DIP", "RST", "", "C", 62, 62, 35, 270],
		[75, "H2_14", 1435, -1800, "T", "DIP", "T1", "", "C", 62, 62, 35, 270],
		[76, "H2_14", 1435, -1800, "B", "DIP", "T1", "", "C", 62, 62, 35, 270],
		[77, "H2_15", 1435, -1900, "T", "DIP", "RX", "", "C", 62, 62, 35, 270],
		[78, "H2_15", 1435, -1900, "B", "DIP", "RX", "", "C", 62, 62, 35, 270],
		[79, "H2_16", 1435, -2000, "T", "DIP", "TX", "", "C", 62, 62, 35, 270],
		[80, "H2_16", 1435, -2000, "B", "DIP", "TX", "", "C", 62, 62, 35, 270],
		[81, "H2_17", 1435, -2100, "T", "DIP", "$1N49", "", "C", 62, 62, 35, 270],
		[82, "H2_17", 1435, -2100, "B", "DIP", "$1N49", "", "C", 62, 62, 35, 270],
		[83, "H2_18", 1435, -2200, "T", "DIP", "3V3", "", "C", 62, 62, 35, 270],
		[84, "H2_18", 1435, -2200, "B", "DIP", "3V3", "", "C", 62, 62, 35, 270],
		[85, "H2_19", 1435, -2300, "T", "DIP", "GND", "GND", "C", 62, 62, 35, 270],
		[86, "H2_19", 1435, -2300, "B", "DIP", "GND", "GND", "C", 62, 62, 35, 270],
		[87, "H2_20", 1435, -2400, "T", "DIP", "GND", "GND", "C", 62, 62, 35, 270],
		[88, "H2_20", 1435, -2400, "B", "DIP", "GND", "GND", "C", 62, 62, 35, 270],
		[89, "H3_1", 665, -1995, "T", "DIP", "T1", "", "R", 70.87, 62.99, 40.16, 90],
		[90, "H3_1", 665, -1995, "B", "DIP", "T1", "", "R", 70.87, 62.99, 40.16, 90],
		[91, "H3_2", 665, -1895, "T", "DIP", "H3_2", "", "C", 62.99, 62.99, 40.16, 90],
		[92, "H3_2", 665, -1895, "B", "DIP", "H3_2", "", "C", 62.99, 62.99, 40.16, 90],
		[93, "H3_3", 665, -1795, "T", "DIP", "PO", "", "C", 62.99, 62.99, 40.16, 90],
		[94, "H3_3", 665, -1795, "B", "DIP", "PO", "", "C", 62.99, 62.99, 40.16, 90],
		[95, "H3_4", 665, -1695, "T", "DIP", "GND", "GND", "C", 62.99, 62.99, 40.16, 90],
		[96, "H3_4", 665, -1695, "B", "DIP", "GND", "GND", "C", 62.99, 62.99, 40.16, 90],
		[97, "H3_5", 665, -1595, "T", "DIP", "GND", "GND", "C", 62.99, 62.99, 40.16, 90],
		[98, "H3_5", 665, -1595, "B", "DIP", "GND", "GND", "C", 62.99, 62.99, 40.16, 90],
		[99, "H3_6", 665, -1495, "T", "DIP", "5V", "", "C", 62.99, 62.99, 40.16, 90],
		[100, "H3_6", 665, -1495, "B", "DIP", "5V", "", "C", 62.99, 62.99, 40.16, 90],
		[101, "H4_1", 975, -1795, "T", "DIP", "GND", "GND", "R", 66.93, 66.93, 43.31, 90],
		[102, "H4_1", 975, -1795, "B", "DIP", "GND", "GND", "R", 66.93, 66.93, 43.31, 90],
		[103, "H4_2", 975, -1695, "T", "DIP", "5V", "", "C", 66.93, 66.93, 43.31, 90],
		[104, "H4_2", 975, -1695, "B", "DIP", "5V", "", "C", 66.93, 66.93, 43.31, 90],
		[105, "H4_3", 975, -1595, "T", "DIP", "H4_3", "", "C", 66.93, 66.93, 43.31, 90],
		[106, "H4_3", 975, -1595, "B", "DIP", "H4_3", "", "C", 66.93, 66.93, 43.31, 90],
		[107, "H4_4", 975, -1495, "T", "DIP", "A", "", "C", 66.93, 66.93, 43.31, 90],
		[108, "H4_4", 975, -1495, "B", "DIP", "A", "", "C", 66.93, 66.93, 43.31, 90],
		[109, "H5_1", 395, -1495, "T", "DIP", "H5_1", "", "R", 70.87, 70.87, 47.24, 270],
		[110, "H5_1", 395, -1495, "B", "DIP", "H5_1", "", "R", 70.87, 70.87, 47.24, 270],
		[111, "H5_2", 395, -1595, "T", "DIP", "H5_2", "", "C", 70.87, 70.87, 47.24, 270],
		[112, "H5_2", 395, -1595, "B", "DIP", "H5_2", "", "C", 70.87, 70.87, 47.24, 270],
		[113, "H5_3", 395, -1695, "T", "DIP", "RX", "", "C", 70.87, 70.87, 47.24, 270],
		[114, "H5_3", 395, -1695, "B", "DIP", "RX", "", "C", 70.87, 70.87, 47.24, 270],
		[115, "H5_4", 395, -1795, "T", "DIP", "TX", "", "C", 70.87, 70.87, 47.24, 270],
		[116, "H5_4", 395, -1795, "B", "DIP", "TX", "", "C", 70.87, 70.87, 47.24, 270],
		[117, "H5_5", 395, -1895, "T", "DIP", "H5_5", "", "C", 70.87, 70.87, 47.24, 270],
		[118, "H5_5", 395, -1895, "B", "DIP", "H5_5", "", "C", 70.87, 70.87, 47.24, 270],
		[119, "H5_6", 395, -1995, "T", "DIP", "RST", "", "C", 70.87, 70.87, 47.24, 270],
		[120, "H5_6", 395, -1995, "B", "DIP", "RST", "", "C", 70.87, 70.87, 47.24, 270],
		[121, "H5_7", 395, -2095, "T", "DIP", "5V", "", "C", 70.87, 70.87, 47.24, 270],
		[122, "H5_7", 395, -2095, "B", "DIP", "5V", "", "C", 70.87, 70.87, 47.24, 270],
		[123, "H5_8", 395, -2195, "T", "DIP", "GND", "GND", "C", 70.87, 70.87, 47.24, 270],
		[124, "H5_8", 395, -2195, "B", "DIP", "GND", "GND", "C", 70.87, 70.87, 47.24, 270],
		[125, "J4_1", 3185, -925, "T", "DIP", "$1N64", "", "R", 62, 62, 35, 0],
		[126, "J4_1", 3185, -925, "B", "DIP", "$1N64", "", "R", 62, 62, 35, 0],
		[127, "J4_2", 3285, -925, "T", "DIP", "$1N64", "", "C", 62, 62, 35, 0],
		[128, "J4_2", 3285, -925, "B", "DIP", "$1N64", "", "C", 62, 62, 35, 0],
		[129, "J4_3", 3385, -925, "T", "DIP", "$1N64", "", "C", 62, 62, 35, 0],
		[130, "J4_3", 3385, -925, "B", "DIP", "$1N64", "", "C", 62, 62, 35, 0],
		[131, "J4_4", 3485, -925, "T", "DIP", "$1N64", "", "C", 62, 62, 35, 0],
		[132, "J4_4", 3485, -925, "B", "DIP", "$1N64", "", "C", 62, 62, 35, 0],
		[133, "J4_5", 3585, -925, "T", "DIP", "$1N64", "", "C", 62, 62, 35, 0],
		[134, "J4_5", 3585, -925, "B", "DIP", "$1N64", "", "C", 62, 62, 35, 0],
		[135, "J9_1", 630, -2425, "T", "DIP", "GND", "GND", "R", 62, 62, 35, 0],
		[136, "J9_1", 630, -2425, "B", "DIP", "GND", "GND", "R", 62, 62, 35, 0],
		[137, "J9_2", 730, -2425, "T", "DIP", "GND", "GND", "C", 62, 62, 35, 0],
		[138, "J9_2", 730, -2425, "B", "DIP", "GND", "GND", "C", 62, 62, 35, 0],
		[139, "J9_3", 830, -2425, "T", "DIP", "GND", "GND", "C", 62, 62, 35, 0],
		[140, "J9_3", 830, -2425, "B", "DIP", "GND", "GND", "C", 62, 62, 35, 0],
		[141, "J9_4", 930, -2425, "T", "DIP", "GND", "GND", "C", 62, 62, 35, 0],
		[142, "J9_4", 930, -2425, "B", "DIP", "GND", "GND", "C", 62, 62, 35, 0],
		[143, "J9_5", 1030, -2425, "T", "DIP", "GND", "GND", "C", 62, 62, 35, 0],
		[144, "J9_5", 1030, -2425, "B", "DIP", "GND", "GND", "C", 62, 62, 35, 0],
		[145, "J10_1", 630, -2230, "T", "DIP", "3V3", "", "R", 62, 62, 35, 0],
		[146, "J10_1", 630, -2230, "B", "DIP", "3V3", "", "R", 62, 62, 35, 0],
		[147, "J10_2", 730, -2230, "T", "DIP", "3V3", "", "C", 62, 62, 35, 0],
		[148, "J10_2", 730, -2230, "B", "DIP", "3V3", "", "C", 62, 62, 35, 0],
		[149, "J10_3", 830, -2230, "T", "DIP", "3V3", "", "C", 62, 62, 35, 0],
		[150, "J10_3", 830, -2230, "B", "DIP", "3V3", "", "C", 62, 62, 35, 0],
		[151, "J10_4", 930, -2230, "T", "DIP", "3V3", "", "C", 62, 62, 35, 0],
		[152, "J10_4", 930, -2230, "B", "DIP", "3V3", "", "C", 62, 62, 35, 0],
		[153, "J10_5", 1030, -2230, "T", "DIP", "3V3", "", "C", 62, 62, 35, 0],
		[154, "J10_5", 1030, -2230, "B", "DIP", "3V3", "", "C", 62, 62, 35, 0],
		[155, "KEY0_1", 3177, -2463.6, "T", "DIP", "KEY0_1", "", "C", 70.87, 70.87, 43.31, 0],
		[156, "KEY0_1", 3177, -2463.6, "B", "DIP", "KEY0_1", "", "C", 70.87, 70.87, 43.31, 0],
		[157, "KEY0_2", 3433, -2463.6, "T", "DIP", "GND", "GND", "C", 70.87, 70.87, 43.31, 0],
		[158, "KEY0_2", 3433, -2463.6, "B", "DIP", "GND", "GND", "C", 70.87, 70.87, 43.31, 0],
		[159, "KEY0_3", 3433, -2286.4, "T", "DIP", "KEY0_3", "", "C", 70.87, 70.87, 43.31, 0],
		[160, "KEY0_3", 3433, -2286.4, "B", "DIP", "KEY0_3", "", "C", 70.87, 70.87, 43.31, 0],
		[161, "KEY0_4", 3177, -2286.4, "T", "DIP", "PB14/KEY0", "", "C", 70.87, 70.87, 43.31, 0],
		[162, "KEY0_4", 3177, -2286.4, "B", "DIP", "PB14/KEY0", "", "C", 70.87, 70.87, 43.31, 0],
		[163, "KEY1_1", 3182, -2148.6, "T", "DIP", "KEY1_1", "", "C", 70.87, 70.87, 43.31, 0],
		[164, "KEY1_1", 3182, -2148.6, "B", "DIP", "KEY1_1", "", "C", 70.87, 70.87, 43.31, 0],
		[165, "KEY1_2", 3438, -2148.6, "T", "DIP", "GND", "GND", "C", 70.87, 70.87, 43.31, 0],
		[166, "KEY1_2", 3438, -2148.6, "B", "DIP", "GND", "GND", "C", 70.87, 70.87, 43.31, 0],
		[167, "KEY1_3", 3438, -1971.4, "T", "DIP", "KEY1_3", "", "C", 70.87, 70.87, 43.31, 0],
		[168, "KEY1_3", 3438, -1971.4, "B", "DIP", "KEY1_3", "", "C", 70.87, 70.87, 43.31, 0],
		[169, "KEY1_4", 3182, -1971.4, "T", "DIP", "PB15/KEY1", "", "C", 70.87, 70.87, 43.31, 0],
		[170, "KEY1_4", 3182, -1971.4, "B", "DIP", "PB15/KEY1", "", "C", 70.87, 70.87, 43.31, 0],
		[171, "LED0_1", 2695.58, -1274.69, "T", "SMD", "3V3", "", "R", 51.2, 55.1, 0, 90],
		[172, "LED0_2", 2695.58, -1191.99, "T", "SMD", "$1N53", "", "R", 51.2, 55.1, 0, 90],
		[173, "LED1_1", 2840.58, -1278.07, "T", "SMD", "3V3", "", "R", 51.2, 55.1, 0, 90],
		[174, "LED1_2", 2840.58, -1195.37, "T", "SMD", "$1N69", "", "R", 51.2, 55.1, 0, 90],
		[175, "P1_1", 3040, -235, "T", "DIP", "GND", "GND", "C", 70.87, 70.87, 47.24, 0],
		[176, "P1_1", 3040, -235, "B", "DIP", "GND", "GND", "C", 70.87, 70.87, 47.24, 0],
		[177, "P1_2", 3140, -235, "T", "DIP", "12V_W", "", "C", 70.87, 70.87, 47.24, 0],
		[178, "P1_2", 3140, -235, "B", "DIP", "12V_W", "", "C", 70.87, 70.87, 47.24, 0],
		[179, "PWR_1", 2869.07, -704.15, "T", "SMD", "$1N1034", "", "R", 51.2, 55.1, 0, 0],
		[180, "PWR_2", 2951.77, -704.15, "T", "SMD", "GND", "GND", "R", 51.2, 55.1, 0, 0],
		[181, "R7_1", 2815, -1975.63, "T", "SMD", "PB15/KEY1", "", "R", 39.37, 61.02, 0, 270],
		[182, "R7_2", 2815, -2054.37, "T", "SMD", "3V3", "", "R", 39.37, 61.02, 0, 270],
		[183, "R8_1", 2695.58, -1014.24, "T", "SMD", "PB8/LED0", "", "R", 39.37, 61.02, 0, 270],
		[184, "R8_2", 2695.58, -1092.98, "T", "SMD", "$1N53", "", "R", 39.37, 61.02, 0, 270],
		[185, "R13_1", 2840.58, -1017.63, "T", "SMD", "PB9/LED1", "", "R", 39.37, 61.02, 0, 270],
		[186, "R13_2", 2840.58, -1096.37, "T", "SMD", "$1N69", "", "R", 39.37, 61.02, 0, 270],
		[187, "R14_1", 2815, -2285.63, "T", "SMD", "PB14/KEY0", "", "R", 39.37, 61.02, 0, 270],
		[188, "R14_2", 2815, -2364.37, "T", "SMD", "3V3", "", "R", 39.37, 61.02, 0, 270],
		[189, "R15_1", 3583.79, -709.42, "T", "SMD", "12V", "", "R", 39.37, 61.02, 0, 270],
		[190, "R15_2", 3583.79, -788.16, "T", "SMD", "$1N64", "", "R", 39.37, 61.02, 0, 270],
		[191, "R24_1", 2676.05, -705.05, "T", "SMD", "5V", "", "R", 39.37, 61.02, 0, 0],
		[192, "R24_2", 2754.79, -705.05, "T", "SMD", "$1N1034", "", "R", 39.37, 61.02, 0, 0],
		[193, "SW2_1", 3333.74, -555, "T", "DIP", "SW2_1", "", "O", 62.99, 62.99, 39.37, 0],
		[194, "SW2_1", 3333.74, -555, "B", "DIP", "SW2_1", "", "O", 62.99, 62.99, 39.37, 0],
		[195, "SW2_2", 3255, -555, "T", "DIP", "12V", "", "O", 62.99, 62.99, 39.37, 0],
		[196, "SW2_2", 3255, -555, "B", "DIP", "12V", "", "O", 62.99, 62.99, 39.37, 0],
		[197, "SW2_3", 3176.26, -555, "T", "DIP", "12V_W", "", "O", 62.99, 62.99, 39.37, 0],
		[198, "SW2_3", 3176.26, -555, "B", "DIP", "12V_W", "", "O", 62.99, 62.99, 39.37, 0],
		[199, "SW2_4", 3091.61, -555, "T", "DIP", "SW2_4", "", "O", 118.11, 78.74, 70.87, 90],
		[200, "SW2_4", 3091.61, -555, "B", "DIP", "SW2_4", "", "O", 118.11, 78.74, 70.87, 90],
		[201, "SW2_5", 3418.39, -555, "T", "DIP", "SW2_5", "", "O", 118.11, 78.74, 70.87, 90],
		[202, "SW2_5", 3418.39, -555, "B", "DIP", "SW2_5", "", "O", 118.11, 78.74, 70.87, 90],
		[203, "U1_1", 3549.49, -364.17, "T", "DIP", "12V_W", "", "O", 60, 149.61, 118.11, 270],
		[204, "U1_1", 3549.49, -364.17, "B", "DIP", "12V_W", "", "O", 60, 149.61, 118.11, 270],
		[205, "U1_2", 3549.49, -135.83, "T", "DIP", "GND", "GND", "O", 60, 157.48, 125.98, 270],
		[206, "U1_2", 3549.49, -135.83, "B", "DIP", "GND", "GND", "O", 60, 157.48, 125.98, 270],
		[207, "U1_3", 3360.51, -248.03, "T", "DIP", "GND", "GND", "O", 149.61, 60, 118.11, 270],
		[208, "U1_3", 3360.51, -248.03, "B", "DIP", "GND", "GND", "O", 149.61, 60, 118.11, 270],
		[209, "U3_1", 1680, -495, "T", "DIP", "3V3", "", "C", 70.87, 70.87, 47.24, 270],
		[210, "U3_1", 1680, -495, "B", "DIP", "3V3", "", "C", 70.87, 70.87, 47.24, 270],
		[211, "U3_2", 1680, -595, "T", "DIP", "$1N34", "", "C", 70.87, 70.87, 47.24, 270],
		[212, "U3_2", 1680, -595, "B", "DIP", "$1N34", "", "C", 70.87, 70.87, 47.24, 270],
		[213, "U3_3", 1680, -695, "T", "DIP", "$1N35", "", "C", 70.87, 70.87, 47.24, 270],
		[214, "U3_3", 1680, -695, "B", "DIP", "$1N35", "", "C", 70.87, 70.87, 47.24, 270],
		[215, "U3_4", 1680, -795, "T", "DIP", "$1N36", "", "C", 70.87, 70.87, 47.24, 270],
		[216, "U3_4", 1680, -795, "B", "DIP", "$1N36", "", "C", 70.87, 70.87, 47.24, 270],
		[217, "U3_5", 1680, -895, "T", "DIP", "PO", "", "C", 70.87, 70.87, 47.24, 270],
		[218, "U3_5", 1680, -895, "B", "DIP", "PO", "", "C", 70.87, 70.87, 47.24, 270],
		[219, "U3_6", 1680, -995, "T", "DIP", "A", "", "C", 70.87, 70.87, 47.24, 270],
		[220, "U3_6", 1680, -995, "B", "DIP", "A", "", "C", 70.87, 70.87, 47.24, 270],
		[221, "U3_7", 1680, -1095, "T", "DIP", "$1N39", "", "C", 70.87, 70.87, 47.24, 270],
		[222, "U3_7", 1680, -1095, "B", "DIP", "$1N39", "", "C", 70.87, 70.87, 47.24, 270],
		[223, "U3_8", 1680, -1195, "T", "DIP", "$1N40", "", "C", 70.87, 70.87, 47.24, 270],
		[224, "U3_8", 1680, -1195, "B", "DIP", "$1N40", "", "C", 70.87, 70.87, 47.24, 270],
		[225, "U3_9", 1680, -1295, "T", "DIP", "RES", "", "C", 70.87, 70.87, 47.24, 270],
		[226, "U3_9", 1680, -1295, "B", "DIP", "RES", "", "C", 70.87, 70.87, 47.24, 270],
		[227, "U3_10", 1680, -1395, "T", "DIP", "PA5/D0_SCL", "", "C", 70.87, 70.87, 47.24, 270],
		[228, "U3_10", 1680, -1395, "B", "DIP", "PA5/D0_SCL", "", "C", 70.87, 70.87, 47.24, 270],
		[229, "U3_11", 1680, -1495, "T", "DIP", "PA6", "", "C", 70.87, 70.87, 47.24, 270],
		[230, "U3_11", 1680, -1495, "B", "DIP", "PA6", "", "C", 70.87, 70.87, 47.24, 270],
		[231, "U3_12", 1680, -1595, "T", "DIP", "PA7/D1_SDA", "", "C", 70.87, 70.87, 47.24, 270],
		[232, "U3_12", 1680, -1595, "B", "DIP", "PA7/D1_SDA", "", "C", 70.87, 70.87, 47.24, 270],
		[233, "U3_13", 1680, -1695, "T", "DIP", "RST", "", "C", 70.87, 70.87, 47.24, 270],
		[234, "U3_13", 1680, -1695, "B", "DIP", "RST", "", "C", 70.87, 70.87, 47.24, 270],
		[235, "U3_14", 1680, -1795, "T", "DIP", "T1", "", "C", 70.87, 70.87, 47.24, 270],
		[236, "U3_14", 1680, -1795, "B", "DIP", "T1", "", "C", 70.87, 70.87, 47.24, 270],
		[237, "U3_15", 1680, -1895, "T", "DIP", "RX", "", "C", 70.87, 70.87, 47.24, 270],
		[238, "U3_15", 1680, -1895, "B", "DIP", "RX", "", "C", 70.87, 70.87, 47.24, 270],
		[239, "U3_16", 1680, -1995, "T", "DIP", "TX", "", "C", 70.87, 70.87, 47.24, 270],
		[240, "U3_16", 1680, -1995, "B", "DIP", "TX", "", "C", 70.87, 70.87, 47.24, 270],
		[241, "U3_17", 1680, -2095, "T", "DIP", "$1N49", "", "C", 70.87, 70.87, 47.24, 270],
		[242, "U3_17", 1680, -2095, "B", "DIP", "$1N49", "", "C", 70.87, 70.87, 47.24, 270],
		[243, "U3_18", 1680, -2195, "T", "DIP", "3V3", "", "C", 70.87, 70.87, 47.24, 270],
		[244, "U3_18", 1680, -2195, "B", "DIP", "3V3", "", "C", 70.87, 70.87, 47.24, 270],
		[245, "U3_19", 1680, -2295, "T", "DIP", "GND", "GND", "C", 70.87, 70.87, 47.24, 270],
		[246, "U3_19", 1680, -2295, "B", "DIP", "GND", "GND", "C", 70.87, 70.87, 47.24, 270],
		[247, "U3_20", 1680, -2395, "T", "DIP", "GND", "GND", "C", 70.87, 70.87, 47.24, 270],
		[248, "U3_20", 1680, -2395, "B", "DIP", "GND", "GND", "C", 70.87, 70.87, 47.24, 270],
		[249, "U3_21", 2280, -2395, "T", "DIP", "DC", "", "C", 70.87, 70.87, 47.24, 90],
		[250, "U3_21", 2280, -2395, "B", "DIP", "DC", "", "C", 70.87, 70.87, 47.24, 90],
		[251, "U3_22", 2280, -2295, "T", "DIP", "CS", "", "C", 70.87, 70.87, 47.24, 90],
		[252, "U3_22", 2280, -2295, "B", "DIP", "CS", "", "C", 70.87, 70.87, 47.24, 90],
		[253, "U3_23", 2280, -2195, "T", "DIP", "PB14/KEY0", "", "C", 70.87, 70.87, 47.24, 90],
		[254, "U3_23", 2280, -2195, "B", "DIP", "PB14/KEY0", "", "C", 70.87, 70.87, 47.24, 90],
		[255, "U3_24", 2280, -2095, "T", "DIP", "PB15/KEY1", "", "C", 70.87, 70.87, 47.24, 90],
		[256, "U3_24", 2280, -2095, "B", "DIP", "PB15/KEY1", "", "C", 70.87, 70.87, 47.24, 90],
		[257, "U3_25", 2280, -1995, "T", "DIP", "$1N28", "", "C", 70.87, 70.87, 47.24, 90],
		[258, "U3_25", 2280, -1995, "B", "DIP", "$1N28", "", "C", 70.87, 70.87, 47.24, 90],
		[259, "U3_26", 2280, -1895, "T", "DIP", "$1N27", "", "C", 70.87, 70.87, 47.24, 90],
		[260, "U3_26", 2280, -1895, "B", "DIP", "$1N27", "", "C", 70.87, 70.87, 47.24, 90],
		[261, "U3_27", 2280, -1795, "T", "DIP", "$1N26", "", "C", 70.87, 70.87, 47.24, 90],
		[262, "U3_27", 2280, -1795, "B", "DIP", "$1N26", "", "C", 70.87, 70.87, 47.24, 90],
		[263, "U3_28", 2280, -1695, "T", "DIP", "$1N25", "", "C", 70.87, 70.87, 47.24, 90],
		[264, "U3_28", 2280, -1695, "B", "DIP", "$1N25", "", "C", 70.87, 70.87, 47.24, 90],
		[265, "U3_29", 2280, -1595, "T", "DIP", "$1N24", "", "C", 70.87, 70.87, 47.24, 90],
		[266, "U3_29", 2280, -1595, "B", "DIP", "$1N24", "", "C", 70.87, 70.87, 47.24, 90],
		[267, "U3_30", 2280, -1495, "T", "DIP", "$1N23", "", "C", 70.87, 70.87, 47.24, 90],
		[268, "U3_30", 2280, -1495, "B", "DIP", "$1N23", "", "C", 70.87, 70.87, 47.24, 90],
		[269, "U3_31", 2280, -1395, "T", "DIP", "$1N22", "", "C", 70.87, 70.87, 47.24, 90],
		[270, "U3_31", 2280, -1395, "B", "DIP", "$1N22", "", "C", 70.87, 70.87, 47.24, 90],
		[271, "U3_32", 2280, -1295, "T", "DIP", "$1N21", "", "C", 70.87, 70.87, 47.24, 90],
		[272, "U3_32", 2280, -1295, "B", "DIP", "$1N21", "", "C", 70.87, 70.87, 47.24, 90],
		[273, "U3_33", 2280, -1195, "T", "DIP", "$1N20", "", "C", 70.87, 70.87, 47.24, 90],
		[274, "U3_33", 2280, -1195, "B", "DIP", "$1N20", "", "C", 70.87, 70.87, 47.24, 90],
		[275, "U3_34", 2280, -1095, "T", "DIP", "$1N19", "", "C", 70.87, 70.87, 47.24, 90],
		[276, "U3_34", 2280, -1095, "B", "DIP", "$1N19", "", "C", 70.87, 70.87, 47.24, 90],
		[277, "U3_35", 2280, -995, "T", "DIP", "$1N18", "", "C", 70.87, 70.87, 47.24, 90],
		[278, "U3_35", 2280, -995, "B", "DIP", "$1N18", "", "C", 70.87, 70.87, 47.24, 90],
		[279, "U3_36", 2280, -895, "T", "DIP", "PB8/LED0", "", "C", 70.87, 70.87, 47.24, 90],
		[280, "U3_36", 2280, -895, "B", "DIP", "PB8/LED0", "", "C", 70.87, 70.87, 47.24, 90],
		[281, "U3_37", 2280, -795, "T", "DIP", "PB9/LED1", "", "C", 70.87, 70.87, 47.24, 90],
		[282, "U3_37", 2280, -795, "B", "DIP", "PB9/LED1", "", "C", 70.87, 70.87, 47.24, 90],
		[283, "U3_38", 2280, -695, "T", "DIP", "5V", "", "C", 70.87, 70.87, 47.24, 90],
		[284, "U3_38", 2280, -695, "B", "DIP", "5V", "", "C", 70.87, 70.87, 47.24, 90],
		[285, "U3_39", 2280, -595, "T", "DIP", "GND", "GND", "C", 70.87, 70.87, 47.24, 90],
		[286, "U3_39", 2280, -595, "B", "DIP", "GND", "GND", "C", 70.87, 70.87, 47.24, 90],
		[287, "U3_40", 2280, -495, "T", "DIP", "3V3", "", "C", 70.87, 70.87, 47.24, 90],
		[288, "U3_40", 2280, -495, "B", "DIP", "3V3", "", "C", 70.87, 70.87, 47.24, 90],
		[289, "U4_1", 3766.5, -1655, "T", "DIP", "GND", "GND", "C", 60, 60, 36, 180],
		[290, "U4_1", 3766.5, -1655, "B", "DIP", "GND", "GND", "C", 60, 60, 36, 180],
		[291, "U4_2", 3770, -1555, "T", "DIP", "GND", "GND", "C", 60, 60, 36, 180],
		[292, "U4_2", 3770, -1555, "B", "DIP", "GND", "GND", "C", 60, 60, 36, 180],
		[293, "U4_3", 3770, -1235, "T", "DIP", "12V", "", "R", 60, 60, 36, 180],
		[294, "U4_3", 3770, -1235, "B", "DIP", "12V", "", "R", 60, 60, 36, 180],
		[295, "U4_4", 3770, -1135, "T", "DIP", "12V", "", "R", 60, 60, 36, 180],
		[296, "U4_4", 3770, -1135, "B", "DIP", "12V", "", "R", 60, 60, 36, 180],
		[297, "U4_5", 3038, -1145, "T", "DIP", "5V", "", "R", 60, 60, 36, 180],
		[298, "U4_5", 3038, -1145, "B", "DIP", "5V", "", "R", 60, 60, 36, 180],
		[299, "U4_6", 3035, -1245, "T", "DIP", "5V", "", "R", 60, 60, 36, 180],
		[300, "U4_6", 3035, -1245, "B", "DIP", "5V", "", "R", 60, 60, 36, 180],
		[301, "U4_7", 3040, -1565, "T", "DIP", "GND", "GND", "C", 60, 60, 36, 180],
		[302, "U4_7", 3040, -1565, "B", "DIP", "GND", "GND", "C", 60, 60, 36, 180],
		[303, "U4_8", 3038, -1665, "T", "DIP", "GND", "GND", "C", 60, 60, 36, 180],
		[304, "U4_8", 3038, -1665, "B", "DIP", "GND", "GND", "C", 60, 60, 36, 180],
		[305, "U7_1", 1190, -515, "T", "DIP", "GND", "GND", "C", 62.99, 62.99, 39.37, 270],
		[306, "U7_1", 1190, -515, "B", "DIP", "GND", "GND", "C", 62.99, 62.99, 39.37, 270],
		[307, "U7_2", 1190, -615, "T", "DIP", "5V", "", "C", 62.99, 62.99, 39.37, 270],
		[308, "U7_2", 1190, -615, "B", "DIP", "5V", "", "C", 62.99, 62.99, 39.37, 270],
		[309, "U7_3", 1190, -715, "T", "DIP", "PA5/D0_SCL", "", "C", 62.99, 62.99, 39.37, 270],
		[310, "U7_3", 1190, -715, "B", "DIP", "PA5/D0_SCL", "", "C", 62.99, 62.99, 39.37, 270],
		[311, "U7_4", 1190, -815, "T", "DIP", "PA7/D1_SDA", "", "C", 62.99, 62.99, 39.37, 270],
		[312, "U7_4", 1190, -815, "B", "DIP", "PA7/D1_SDA", "", "C", 62.99, 62.99, 39.37, 270],
		[313, "U7_5", 1190, -915, "T", "DIP", "RES", "", "C", 62.99, 62.99, 39.37, 270],
		[314, "U7_5", 1190, -915, "B", "DIP", "RES", "", "C", 62.99, 62.99, 39.37, 270],
		[315, "U7_6", 1190, -1015, "T", "DIP", "DC", "", "C", 62.99, 62.99, 39.37, 270],
		[316, "U7_6", 1190, -1015, "B", "DIP", "DC", "", "C", 62.99, 62.99, 39.37, 270],
		[317, "U7_7", 1190, -1115, "T", "DIP", "CS", "", "C", 62.99, 62.99, 39.37, 270],
		[318, "U7_7", 1190, -1115, "B", "DIP", "CS", "", "C", 62.99, 62.99, 39.37, 270]
	]
}
}